{
  "p": 6,
  "n": 1500,
  "n_graphs": 2,
  "alpha": {
    "0.05": {
      "shd": 5.5,
      "sid": 15.0,
      "skeleton_f1": 0.38571428571428573,
      "orient_f1": 0.38571428571428573
    }
  },
  "k": {
    "0": {
      "shd": 4.0,
      "sid": 3.5,
      "skeleton_f1": 0.7157894736842105,
      "orient_f1": 0.7157894736842105
    },
    "2": {
      "shd": 5.0,
      "sid": 12.5,
      "skeleton_f1": 0.4,
      "orient_f1": 0.4
    }
  },
  "bet": {
    "mixture": {
      "shd": 3.5,
      "sid": 7.5,
      "skeleton_f1": 0.5857142857142857,
      "orient_f1": 0.5857142857142857
    }
  },
  "n_features": {
    "64": {
      "shd": 4.0,
      "sid": 8.0,
      "skeleton_f1": 0.0,
      "orient_f1": 0.0
    }
  }
}