{
  "p": 6,
  "n": 2200,
  "n_graphs": 4,
  "alpha": {
    "0.01": {
      "shd": 1.0,
      "sid": 3.0,
      "skeleton_f1": 0.9052579365079366,
      "orient_f1": 0.9052579365079366
    },
    "0.05": {
      "shd": 2.25,
      "sid": 5.25,
      "skeleton_f1": 0.768452380952381,
      "orient_f1": 0.768452380952381
    },
    "0.1": {
      "shd": 2.25,
      "sid": 6.5,
      "skeleton_f1": 0.8031746031746033,
      "orient_f1": 0.7476190476190476
    }
  },
  "k": {
    "0": {
      "shd": 2.0,
      "sid": 3.25,
      "skeleton_f1": 0.8892857142857143,
      "orient_f1": 0.8642857142857143
    },
    "1": {
      "shd": 2.5,
      "sid": 3.75,
      "skeleton_f1": 0.8035714285714286,
      "orient_f1": 0.8035714285714286
    },
    "2": {
      "shd": 1.75,
      "sid": 5.25,
      "skeleton_f1": 0.8928571428571429,
      "orient_f1": 0.8214285714285714
    },
    "3": {
      "shd": 2.5,
      "sid": 7.5,
      "skeleton_f1": 0.8035714285714286,
      "orient_f1": 0.7202380952380952
    }
  },
  "bet": {
    "fixed": {
      "shd": 2.5,
      "sid": 5.25,
      "skeleton_f1": 0.7458333333333333,
      "orient_f1": 0.7458333333333333
    },
    "agrapa": {
      "shd": 2.75,
      "sid": 5.75,
      "skeleton_f1": 0.7193181818181817,
      "orient_f1": 0.7193181818181817
    },
    "mixture": {
      "shd": 3.25,
      "sid": 8.0,
      "skeleton_f1": 0.6318181818181818,
      "orient_f1": 0.6318181818181818
    }
  },
  "n_features": {
    "32": {
      "shd": 3.0,
      "sid": 6.75,
      "skeleton_f1": 0.6746794871794871,
      "orient_f1": 0.5913461538461539
    },
    "64": {
      "shd": 3.0,
      "sid": 7.25,
      "skeleton_f1": 0.6746794871794871,
      "orient_f1": 0.5913461538461539
    },
    "128": {
      "shd": 3.25,
      "sid": 6.75,
      "skeleton_f1": 0.6428571428571429,
      "orient_f1": 0.5595238095238095
    }
  },
  "multiplicity": {
    "ebh": {
      "shd": 1.0,
      "sid": 2.0,
      "skeleton_f1": 0.8974358974358974,
      "orient_f1": 0.8974358974358974
    },
    "bonferroni": {
      "shd": 1.25,
      "sid": 2.5,
      "skeleton_f1": 0.8617216117216117,
      "orient_f1": 0.8617216117216117
    },
    "none": {
      "shd": 1.0,
      "sid": 2.0,
      "skeleton_f1": 0.8974358974358974,
      "orient_f1": 0.8974358974358974
    }
  },
  "noise": {
    "laplace": {
      "shd": 2.25,
      "sid": 4.0,
      "skeleton_f1": 0.6821428571428572,
      "orient_f1": 0.6821428571428572
    },
    "t3": {
      "shd": 1.75,
      "sid": 3.0,
      "skeleton_f1": 0.7767857142857143,
      "orient_f1": 0.7767857142857143
    },
    "gumbel": {
      "shd": 1.5,
      "sid": 2.5,
      "skeleton_f1": 0.8142857142857143,
      "orient_f1": 0.8142857142857143
    },
    "gaussian": {
      "shd": 4.0,
      "sid": 8.0,
      "skeleton_f1": 0.30000000000000004,
      "orient_f1": 0.30000000000000004
    }
  },
  "warmup": {
    "25": {
      "shd": 2.75,
      "sid": 8.0,
      "skeleton_f1": 0.6897546897546898,
      "orient_f1": 0.6183261183261184
    },
    "40": {
      "shd": 2.5,
      "sid": 7.5,
      "skeleton_f1": 0.7162698412698413,
      "orient_f1": 0.6448412698412699
    },
    "60": {
      "shd": 2.75,
      "sid": 8.0,
      "skeleton_f1": 0.6897546897546898,
      "orient_f1": 0.6183261183261184
    }
  },
  "standardization": {
    "on": {
      "rejection_rate": 1.0,
      "median_detection": 84.0
    },
    "off": {
      "rejection_rate": 1.0,
      "median_detection": 399.0
    }
  }
}