{
  "p": 5,
  "segment_len": 1800,
  "n_changes": 2,
  "n_runs": 5,
  "n_monitored_edges": 16,
  "drift_c": 0.0,
  "h_grid": [
    0.5,
    1,
    2,
    3,
    5,
    8,
    12
  ],
  "mean_delay": [
    null,
    96.0,
    164.75,
    319.5,
    485.6363636363636,
    630.8333333333334,
    687.0666666666667
  ],
  "mean_arl": [
    149.5,
    298.75,
    712.375,
    951.375,
    1372.125,
    1532.875,
    1732.5
  ],
  "detection_rate": [
    0.0,
    0.0625,
    0.25,
    0.375,
    0.6875,
    0.75,
    0.9375
  ],
  "ruptures_available": true,
  "example_change_points": [
    1800,
    3600
  ],
  "example_ruptures_cps": [
    1800,
    3600,
    5400
  ]
}