{
  "alpha": 0.05,
  "p": 4,
  "K": 6,
  "skit": {
    "t": [
      0,
      50,
      100,
      150,
      200,
      250,
      300,
      350,
      400,
      450,
      500,
      550,
      600,
      650,
      700,
      750,
      800,
      850,
      900,
      950,
      1000,
      1050,
      1100,
      1150,
      1200,
      1250,
      1300,
      1350,
      1400,
      1450,
      1500,
      1550,
      1600,
      1650,
      1700,
      1750,
      1800,
      1850,
      1900,
      1950,
      2000
    ],
    "per_edge_typeI": [
      0.0,
      0.0,
      0.0,
      0.0,
      0.006666666666666667,
      0.008333333333333333,
      0.011666666666666667,
      0.015,
      0.02,
      0.021666666666666667,
      0.023333333333333334,
      0.023333333333333334,
      0.023333333333333334,
      0.023333333333333334,
      0.025,
      0.025,
      0.02666666666666667,
      0.028333333333333332,
      0.028333333333333332,
      0.03,
      0.03,
      0.03,
      0.03,
      0.03,
      0.03,
      0.03,
      0.03166666666666667,
      0.03333333333333333,
      0.03333333333333333,
      0.03333333333333333,
      0.035,
      0.03666666666666667,
      0.03666666666666667,
      0.03666666666666667,
      0.03666666666666667,
      0.03666666666666667,
      0.03666666666666667,
      0.03833333333333333,
      0.04,
      0.04,
      0.04
    ],
    "fwer_ebonf": [
      0.0,
      0.0,
      0.0,
      0.0,
      0.0,
      0.0,
      0.01,
      0.01,
      0.01,
      0.01,
      0.01,
      0.01,
      0.01,
      0.01,
      0.01,
      0.01,
      0.01,
      0.01,
      0.01,
      0.01,
      0.01,
      0.01,
      0.01,
      0.01,
      0.01,
      0.01,
      0.01,
      0.01,
      0.01,
      0.01,
      0.01,
      0.01,
      0.01,
      0.01,
      0.01,
      0.01,
      0.01,
      0.01,
      0.01,
      0.01,
      0.01
    ],
    "fwer_uncorrected": [
      0.0,
      0.0,
      0.0,
      0.0,
      0.04,
      0.05,
      0.07,
      0.09,
      0.12,
      0.13,
      0.14,
      0.14,
      0.14,
      0.14,
      0.15,
      0.15,
      0.16,
      0.17,
      0.17,
      0.18,
      0.18,
      0.18,
      0.18,
      0.18,
      0.18,
      0.18,
      0.19,
      0.2,
      0.2,
      0.2,
      0.2,
      0.2,
      0.2,
      0.2,
      0.2,
      0.2,
      0.2,
      0.2,
      0.21,
      0.21,
      0.21
    ]
  },
  "naive": {
    "t": [
      0,
      50,
      100,
      150,
      200,
      250,
      300,
      350,
      400,
      450,
      500,
      550,
      600,
      650,
      700,
      750,
      800,
      850,
      900,
      950,
      1000,
      1050,
      1100,
      1150,
      1200,
      1250,
      1300,
      1350,
      1400,
      1450,
      1500
    ],
    "per_edge_typeI": [
      0.0,
      0.0,
      0.041666666666666664,
      0.08055555555555556,
      0.10277777777777777,
      0.11944444444444445,
      0.14444444444444443,
      0.14444444444444443,
      0.15833333333333333,
      0.18055555555555555,
      0.2,
      0.21944444444444444,
      0.23055555555555557,
      0.23055555555555557,
      0.25833333333333336,
      0.275,
      0.28888888888888886,
      0.31666666666666665,
      0.3388888888888889,
      0.3388888888888889,
      0.35,
      0.3638888888888889,
      0.37222222222222223,
      0.38333333333333336,
      0.4,
      0.4,
      0.4083333333333333,
      0.42777777777777776,
      0.44166666666666665,
      0.46111111111111114,
      0.4722222222222222
    ],
    "fwer_uncorrected": [
      0.0,
      0.0,
      0.21666666666666667,
      0.4166666666666667,
      0.55,
      0.6166666666666667,
      0.65,
      0.65,
      0.6833333333333333,
      0.7166666666666667,
      0.7833333333333333,
      0.8166666666666667,
      0.8166666666666667,
      0.8166666666666667,
      0.8666666666666667,
      0.8833333333333333,
      0.9,
      0.95,
      0.95,
      0.95,
      0.9666666666666667,
      0.9666666666666667,
      0.9833333333333333,
      0.9833333333333333,
      0.9833333333333333,
      0.9833333333333333,
      0.9833333333333333,
      0.9833333333333333,
      0.9833333333333333,
      0.9833333333333333,
      0.9833333333333333
    ]
  },
  "skit_max_per_edge": 0.04,
  "skit_max_fwer_ebonf": 0.01,
  "naive_max_per_edge": 0.4722222222222222,
  "naive_max_fwer": 0.9833333333333333
}