{
  "alpha": 0.05,
  "p": 4,
  "K": 6,
  "skit": {
    "t": [
      0,
      50,
      100,
      150,
      200,
      250,
      300,
      350,
      400,
      450,
      500,
      550,
      600,
      650,
      700,
      750,
      800
    ],
    "per_edge_typeI": [
      0.0,
      0.0,
      0.0,
      0.0,
      0.0,
      0.0,
      0.0,
      0.0,
      0.008333333333333333,
      0.008333333333333333,
      0.008333333333333333,
      0.008333333333333333,
      0.008333333333333333,
      0.008333333333333333,
      0.016666666666666666,
      0.025,
      0.025
    ],
    "fwer_ebonf": [
      0.0,
      0.0,
      0.0,
      0.0,
      0.0,
      0.0,
      0.0,
      0.0,
      0.0,
      0.0,
      0.0,
      0.0,
      0.0,
      0.0,
      0.0,
      0.0,
      0.0
    ],
    "fwer_uncorrected": [
      0.0,
      0.0,
      0.0,
      0.0,
      0.0,
      0.0,
      0.0,
      0.0,
      0.05,
      0.05,
      0.05,
      0.05,
      0.05,
      0.05,
      0.1,
      0.15,
      0.15
    ]
  },
  "naive": {
    "t": [
      0,
      50,
      100,
      150,
      200,
      250,
      300,
      350,
      400,
      450,
      500,
      550,
      600,
      650,
      700,
      750,
      800
    ],
    "per_edge_typeI": [
      0.0,
      0.0,
      0.011111111111111112,
      0.06666666666666667,
      0.07777777777777778,
      0.1,
      0.1,
      0.1,
      0.1,
      0.1111111111111111,
      0.1111111111111111,
      0.17777777777777778,
      0.2111111111111111,
      0.2111111111111111,
      0.25555555555555554,
      0.26666666666666666,
      0.2777777777777778
    ],
    "fwer_uncorrected": [
      0.0,
      0.0,
      0.06666666666666667,
      0.3333333333333333,
      0.4,
      0.4666666666666667,
      0.4666666666666667,
      0.4666666666666667,
      0.4666666666666667,
      0.4666666666666667,
      0.4666666666666667,
      0.6,
      0.8,
      0.8,
      0.8666666666666667,
      0.8666666666666667,
      0.8666666666666667
    ]
  },
  "skit_max_per_edge": 0.025,
  "skit_max_fwer_ebonf": 0.0,
  "naive_max_per_edge": 0.2777777777777778,
  "naive_max_fwer": 0.8666666666666667
}